"0","hundrets
"
"1","  [1]"
"1"," ""onehundred""              "
"1"," ""onehundredone""           "
"1"," ""onehundredtwo""           "
"1","
"
"1","  [4]"
"1"," ""onehundredthree""         "
"1"," ""onehundredfour""          "
"1"," ""onehundredfive""          "
"1","
"
"1","  [7]"
"1"," ""onehundredsix""           "
"1"," ""onehundredseven""         "
"1"," ""onehundredeight""         "
"1","
"
"1"," [10]"
"1"," ""onehundrednine""          "
"1"," ""onehundredten""           "
"1"," ""onehundredeleven""        "
"1","
"
"1"," [13]"
"1"," ""onehundredtwelve""        "
"1"," ""onehundredthirteen""      "
"1"," ""onehundredfourteen""      "
"1","
"
"1"," [16]"
"1"," ""onehundredfifteen""       "
"1"," ""onehundredsixteen""       "
"1"," ""onehundredseventeen""     "
"1","
"
"1"," [19]"
"1"," ""onehundredeighteen""      "
"1"," ""onehundrednineteen""      "
"1"," ""onehundredtwenty""        "
"1","
"
"1"," [22]"
"1"," ""onehundredtwentyone""     "
"1"," ""onehundredtwentytwo""     "
"1"," ""onehundredtwentythree""   "
"1","
"
"1"," [25]"
"1"," ""onehundredtwentyfour""    "
"1"," ""onehundredtwentyfive""    "
"1"," ""onehundredtwentysix""     "
"1","
"
"1"," [28]"
"1"," ""onehundredtwentyseven""   "
"1"," ""onehundredtwentyeight""   "
"1"," ""onehundredtwentynine""    "
"1","
"
"1"," [31]"
"1"," ""onehundredthirty""        "
"1"," ""onehundredthirtyone""     "
"1"," ""onehundredthirtytwo""     "
"1","
"
"1"," [34]"
"1"," ""onehundredthirtythree""   "
"1"," ""onehundredthirtyfour""    "
"1"," ""onehundredthirtyfive""    "
"1","
"
"1"," [37]"
"1"," ""onehundredthirtysix""     "
"1"," ""onehundredthirtyseven""   "
"1"," ""onehundredthirtyeight""   "
"1","
"
"1"," [40]"
"1"," ""onehundredthirtynine""    "
"1"," ""onehundredforty""         "
"1"," ""onehundredfortyone""      "
"1","
"
"1"," [43]"
"1"," ""onehundredfortytwo""      "
"1"," ""onehundredfortythree""    "
"1"," ""onehundredfortyfour""     "
"1","
"
"1"," [46]"
"1"," ""onehundredfortyfive""     "
"1"," ""onehundredfortysix""      "
"1"," ""onehundredfortyseven""    "
"1","
"
"1"," [49]"
"1"," ""onehundredfortyeight""    "
"1"," ""onehundredfortynine""     "
"1"," ""onehundredfifty""         "
"1","
"
"1"," [52]"
"1"," ""onehundredfiftyone""      "
"1"," ""onehundredfiftytwo""      "
"1"," ""onehundredfiftythree""    "
"1","
"
"1"," [55]"
"1"," ""onehundredfiftyfour""     "
"1"," ""onehundredfiftyfive""     "
"1"," ""onehundredfiftysix""      "
"1","
"
"1"," [58]"
"1"," ""onehundredfiftyseven""    "
"1"," ""onehundredfiftyeight""    "
"1"," ""onehundredfiftynine""     "
"1","
"
"1"," [61]"
"1"," ""onehundredsixty""         "
"1"," ""onehundredsixtyone""      "
"1"," ""onehundredsixtytwo""      "
"1","
"
"1"," [64]"
"1"," ""onehundredsixtythree""    "
"1"," ""onehundredsixtyfour""     "
"1"," ""onehundredsixtyfive""     "
"1","
"
"1"," [67]"
"1"," ""onehundredsixtysix""      "
"1"," ""onehundredsixtyseven""    "
"1"," ""onehundredsixtyeight""    "
"1","
"
"1"," [70]"
"1"," ""onehundredsixtynine""     "
"1"," ""onehundredseventy""       "
"1"," ""onehundredseventyone""    "
"1","
"
"1"," [73]"
"1"," ""onehundredseventytwo""    "
"1"," ""onehundredseventythree""  "
"1"," ""onehundredseventyfour""   "
"1","
"
"1"," [76]"
"1"," ""onehundredseventyfive""   "
"1"," ""onehundredseventysix""    "
"1"," ""onehundredseventyseven""  "
"1","
"
"1"," [79]"
"1"," ""onehundredseventyeight""  "
"1"," ""onehundredseventynine""   "
"1"," ""onehundredeighty""        "
"1","
"
"1"," [82]"
"1"," ""onehundredeightyone""     "
"1"," ""onehundredeightytwo""     "
"1"," ""onehundredeightythree""   "
"1","
"
"1"," [85]"
"1"," ""onehundredeightyfour""    "
"1"," ""onehundredeightyfive""    "
"1"," ""onehundredeightysix""     "
"1","
"
"1"," [88]"
"1"," ""onehundredeightyseven""   "
"1"," ""onehundredeightyeight""   "
"1"," ""onehundredeightynine""    "
"1","
"
"1"," [91]"
"1"," ""onehundredninety""        "
"1"," ""onehundredninetyone""     "
"1"," ""onehundredninetytwo""     "
"1","
"
"1"," [94]"
"1"," ""onehundredninetythree""   "
"1"," ""onehundredninetyfour""    "
"1"," ""onehundredninetyfive""    "
"1","
"
"1"," [97]"
"1"," ""onehundredninetysix""     "
"1"," ""onehundredninetyseven""   "
"1"," ""onehundredninetyeight""   "
"1","
"
"1","[100]"
"1"," ""onehundredninetynine""    "
"1"," ""twohundred""              "
"1"," ""twohundredone""           "
"1","
"
"1","[103]"
"1"," ""twohundredtwo""           "
"1"," ""twohundredthree""         "
"1"," ""twohundredfour""          "
"1","
"
"1","[106]"
"1"," ""twohundredfive""          "
"1"," ""twohundredsix""           "
"1"," ""twohundredseven""         "
"1","
"
"1","[109]"
"1"," ""twohundredeight""         "
"1"," ""twohundrednine""          "
"1"," ""twohundredten""           "
"1","
"
"1","[112]"
"1"," ""twohundredeleven""        "
"1"," ""twohundredtwelve""        "
"1"," ""twohundredthirteen""      "
"1","
"
"1","[115]"
"1"," ""twohundredfourteen""      "
"1"," ""twohundredfifteen""       "
"1"," ""twohundredsixteen""       "
"1","
"
"1","[118]"
"1"," ""twohundredseventeen""     "
"1"," ""twohundredeighteen""      "
"1"," ""twohundrednineteen""      "
"1","
"
"1","[121]"
"1"," ""twohundredtwenty""        "
"1"," ""twohundredtwentyone""     "
"1"," ""twohundredtwentytwo""     "
"1","
"
"1","[124]"
"1"," ""twohundredtwentythree""   "
"1"," ""twohundredtwentyfour""    "
"1"," ""twohundredtwentyfive""    "
"1","
"
"1","[127]"
"1"," ""twohundredtwentysix""     "
"1"," ""twohundredtwentyseven""   "
"1"," ""twohundredtwentyeight""   "
"1","
"
"1","[130]"
"1"," ""twohundredtwentynine""    "
"1"," ""twohundredthirty""        "
"1"," ""twohundredthirtyone""     "
"1","
"
"1","[133]"
"1"," ""twohundredthirtytwo""     "
"1"," ""twohundredthirtythree""   "
"1"," ""twohundredthirtyfour""    "
"1","
"
"1","[136]"
"1"," ""twohundredthirtyfive""    "
"1"," ""twohundredthirtysix""     "
"1"," ""twohundredthirtyseven""   "
"1","
"
"1","[139]"
"1"," ""twohundredthirtyeight""   "
"1"," ""twohundredthirtynine""    "
"1"," ""twohundredforty""         "
"1","
"
"1","[142]"
"1"," ""twohundredfortyone""      "
"1"," ""twohundredfortytwo""      "
"1"," ""twohundredfortythree""    "
"1","
"
"1","[145]"
"1"," ""twohundredfortyfour""     "
"1"," ""twohundredfortyfive""     "
"1"," ""twohundredfortysix""      "
"1","
"
"1","[148]"
"1"," ""twohundredfortyseven""    "
"1"," ""twohundredfortyeight""    "
"1"," ""twohundredfortynine""     "
"1","
"
"1","[151]"
"1"," ""twohundredfifty""         "
"1"," ""twohundredfiftyone""      "
"1"," ""twohundredfiftytwo""      "
"1","
"
"1","[154]"
"1"," ""twohundredfiftythree""    "
"1"," ""twohundredfiftyfour""     "
"1"," ""twohundredfiftyfive""     "
"1","
"
"1","[157]"
"1"," ""twohundredfiftysix""      "
"1"," ""twohundredfiftyseven""    "
"1"," ""twohundredfiftyeight""    "
"1","
"
"1","[160]"
"1"," ""twohundredfiftynine""     "
"1"," ""twohundredsixty""         "
"1"," ""twohundredsixtyone""      "
"1","
"
"1","[163]"
"1"," ""twohundredsixtytwo""      "
"1"," ""twohundredsixtythree""    "
"1"," ""twohundredsixtyfour""     "
"1","
"
"1","[166]"
"1"," ""twohundredsixtyfive""     "
"1"," ""twohundredsixtysix""      "
"1"," ""twohundredsixtyseven""    "
"1","
"
"1","[169]"
"1"," ""twohundredsixtyeight""    "
"1"," ""twohundredsixtynine""     "
"1"," ""twohundredseventy""       "
"1","
"
"1","[172]"
"1"," ""twohundredseventyone""    "
"1"," ""twohundredseventytwo""    "
"1"," ""twohundredseventythree""  "
"1","
"
"1","[175]"
"1"," ""twohundredseventyfour""   "
"1"," ""twohundredseventyfive""   "
"1"," ""twohundredseventysix""    "
"1","
"
"1","[178]"
"1"," ""twohundredseventyseven""  "
"1"," ""twohundredseventyeight""  "
"1"," ""twohundredseventynine""   "
"1","
"
"1","[181]"
"1"," ""twohundredeighty""        "
"1"," ""twohundredeightyone""     "
"1"," ""twohundredeightytwo""     "
"1","
"
"1","[184]"
"1"," ""twohundredeightythree""   "
"1"," ""twohundredeightyfour""    "
"1"," ""twohundredeightyfive""    "
"1","
"
"1","[187]"
"1"," ""twohundredeightysix""     "
"1"," ""twohundredeightyseven""   "
"1"," ""twohundredeightyeight""   "
"1","
"
"1","[190]"
"1"," ""twohundredeightynine""    "
"1"," ""twohundredninety""        "
"1"," ""twohundredninetyone""     "
"1","
"
"1","[193]"
"1"," ""twohundredninetytwo""     "
"1"," ""twohundredninetythree""   "
"1"," ""twohundredninetyfour""    "
"1","
"
"1","[196]"
"1"," ""twohundredninetyfive""    "
"1"," ""twohundredninetysix""     "
"1"," ""twohundredninetyseven""   "
"1","
"
"1","[199]"
"1"," ""twohundredninetyeight""   "
"1"," ""twohundredninetynine""    "
"1"," ""threehundred""            "
"1","
"
"1","[202]"
"1"," ""threehundredone""         "
"1"," ""threehundredtwo""         "
"1"," ""threehundredthree""       "
"1","
"
"1","[205]"
"1"," ""threehundredfour""        "
"1"," ""threehundredfive""        "
"1"," ""threehundredsix""         "
"1","
"
"1","[208]"
"1"," ""threehundredseven""       "
"1"," ""threehundredeight""       "
"1"," ""threehundrednine""        "
"1","
"
"1","[211]"
"1"," ""threehundredten""         "
"1"," ""threehundredeleven""      "
"1"," ""threehundredtwelve""      "
"1","
"
"1","[214]"
"1"," ""threehundredthirteen""    "
"1"," ""threehundredfourteen""    "
"1"," ""threehundredfifteen""     "
"1","
"
"1","[217]"
"1"," ""threehundredsixteen""     "
"1"," ""threehundredseventeen""   "
"1"," ""threehundredeighteen""    "
"1","
"
"1","[220]"
"1"," ""threehundrednineteen""    "
"1"," ""threehundredtwenty""      "
"1"," ""threehundredtwentyone""   "
"1","
"
"1","[223]"
"1"," ""threehundredtwentytwo""   "
"1"," ""threehundredtwentythree"" "
"1"," ""threehundredtwentyfour""  "
"1","
"
"1","[226]"
"1"," ""threehundredtwentyfive""  "
"1"," ""threehundredtwentysix""   "
"1"," ""threehundredtwentyseven"" "
"1","
"
"1","[229]"
"1"," ""threehundredtwentyeight"" "
"1"," ""threehundredtwentynine""  "
"1"," ""threehundredthirty""      "
"1","
"
"1","[232]"
"1"," ""threehundredthirtyone""   "
"1"," ""threehundredthirtytwo""   "
"1"," ""threehundredthirtythree"" "
"1","
"
"1","[235]"
"1"," ""threehundredthirtyfour""  "
"1"," ""threehundredthirtyfive""  "
"1"," ""threehundredthirtysix""   "
"1","
"
"1","[238]"
"1"," ""threehundredthirtyseven"" "
"1"," ""threehundredthirtyeight"" "
"1"," ""threehundredthirtynine""  "
"1","
"
"1","[241]"
"1"," ""threehundredforty""       "
"1"," ""threehundredfortyone""    "
"1"," ""threehundredfortytwo""    "
"1","
"
"1","[244]"
"1"," ""threehundredfortythree""  "
"1"," ""threehundredfortyfour""   "
"1"," ""threehundredfortyfive""   "
"1","
"
"1","[247]"
"1"," ""threehundredfortysix""    "
"1"," ""threehundredfortyseven""  "
"1"," ""threehundredfortyeight""  "
"1","
"
"1","[250]"
"1"," ""threehundredfortynine""   "
"1"," ""threehundredfifty""       "
"1"," ""threehundredfiftyone""    "
"1","
"
"1","[253]"
"1"," ""threehundredfiftytwo""    "
"1"," ""threehundredfiftythree""  "
"1"," ""threehundredfiftyfour""   "
"1","
"
"1","[256]"
"1"," ""threehundredfiftyfive""   "
"1"," ""threehundredfiftysix""    "
"1"," ""threehundredfiftyseven""  "
"1","
"
"1","[259]"
"1"," ""threehundredfiftyeight""  "
"1"," ""threehundredfiftynine""   "
"1"," ""threehundredsixty""       "
"1","
"
"1","[262]"
"1"," ""threehundredsixtyone""    "
"1"," ""threehundredsixtytwo""    "
"1"," ""threehundredsixtythree""  "
"1","
"
"1","[265]"
"1"," ""threehundredsixtyfour""   "
"1"," ""threehundredsixtyfive""   "
"1"," ""threehundredsixtysix""    "
"1","
"
"1","[268]"
"1"," ""threehundredsixtyseven""  "
"1"," ""threehundredsixtyeight""  "
"1"," ""threehundredsixtynine""   "
"1","
"
"1","[271]"
"1"," ""threehundredseventy""     "
"1"," ""threehundredseventyone""  "
"1"," ""threehundredseventytwo""  "
"1","
"
"1","[274]"
"1"," ""threehundredseventythree"""
"1"," ""threehundredseventyfour"" "
"1"," ""threehundredseventyfive"" "
"1","
"
"1","[277]"
"1"," ""threehundredseventysix""  "
"1"," ""threehundredseventyseven"""
"1"," ""threehundredseventyeight"""
"1","
"
"1","[280]"
"1"," ""threehundredseventynine"" "
"1"," ""threehundredeighty""      "
"1"," ""threehundredeightyone""   "
"1","
"
"1","[283]"
"1"," ""threehundredeightytwo""   "
"1"," ""threehundredeightythree"" "
"1"," ""threehundredeightyfour""  "
"1","
"
"1","[286]"
"1"," ""threehundredeightyfive""  "
"1"," ""threehundredeightysix""   "
"1"," ""threehundredeightyseven"" "
"1","
"
"1","[289]"
"1"," ""threehundredeightyeight"" "
"1"," ""threehundredeightynine""  "
"1"," ""threehundredninety""      "
"1","
"
"1","[292]"
"1"," ""threehundredninetyone""   "
"1"," ""threehundredninetytwo""   "
"1"," ""threehundredninetythree"" "
"1","
"
"1","[295]"
"1"," ""threehundredninetyfour""  "
"1"," ""threehundredninetyfive""  "
"1"," ""threehundredninetysix""   "
"1","
"
"1","[298]"
"1"," ""threehundredninetyseven"" "
"1"," ""threehundredninetyeight"" "
"1"," ""threehundredninetynine""  "
"1","
"
"1","[301]"
"1"," ""fourhundred""             "
"1"," ""fourhundredone""          "
"1"," ""fourhundredtwo""          "
"1","
"
"1","[304]"
"1"," ""fourhundredthree""        "
"1"," ""fourhundredfour""         "
"1"," ""fourhundredfive""         "
"1","
"
"1","[307]"
"1"," ""fourhundredsix""          "
"1"," ""fourhundredseven""        "
"1"," ""fourhundredeight""        "
"1","
"
"1","[310]"
"1"," ""fourhundrednine""         "
"1"," ""fourhundredten""          "
"1"," ""fourhundredeleven""       "
"1","
"
"1","[313]"
"1"," ""fourhundredtwelve""       "
"1"," ""fourhundredthirteen""     "
"1"," ""fourhundredfourteen""     "
"1","
"
"1","[316]"
"1"," ""fourhundredfifteen""      "
"1"," ""fourhundredsixteen""      "
"1"," ""fourhundredseventeen""    "
"1","
"
"1","[319]"
"1"," ""fourhundredeighteen""     "
"1"," ""fourhundrednineteen""     "
"1"," ""fourhundredtwenty""       "
"1","
"
"1","[322]"
"1"," ""fourhundredtwentyone""    "
"1"," ""fourhundredtwentytwo""    "
"1"," ""fourhundredtwentythree""  "
"1","
"
"1","[325]"
"1"," ""fourhundredtwentyfour""   "
"1"," ""fourhundredtwentyfive""   "
"1"," ""fourhundredtwentysix""    "
"1","
"
"1","[328]"
"1"," ""fourhundredtwentyseven""  "
"1"," ""fourhundredtwentyeight""  "
"1"," ""fourhundredtwentynine""   "
"1","
"
"1","[331]"
"1"," ""fourhundredthirty""       "
"1"," ""fourhundredthirtyone""    "
"1"," ""fourhundredthirtytwo""    "
"1","
"
"1","[334]"
"1"," ""fourhundredthirtythree""  "
"1"," ""fourhundredthirtyfour""   "
"1"," ""fourhundredthirtyfive""   "
"1","
"
"1","[337]"
"1"," ""fourhundredthirtysix""    "
"1"," ""fourhundredthirtyseven""  "
"1"," ""fourhundredthirtyeight""  "
"1","
"
"1","[340]"
"1"," ""fourhundredthirtynine""   "
"1"," ""fourhundredforty""        "
"1"," ""fourhundredfortyone""     "
"1","
"
"1","[343]"
"1"," ""fourhundredfortytwo""     "
"1"," ""fourhundredfortythree""   "
"1"," ""fourhundredfortyfour""    "
"1","
"
"1","[346]"
"1"," ""fourhundredfortyfive""    "
"1"," ""fourhundredfortysix""     "
"1"," ""fourhundredfortyseven""   "
"1","
"
"1","[349]"
"1"," ""fourhundredfortyeight""   "
"1"," ""fourhundredfortynine""    "
"1"," ""fourhundredfifty""        "
"1","
"
"1","[352]"
"1"," ""fourhundredfiftyone""     "
"1"," ""fourhundredfiftytwo""     "
"1"," ""fourhundredfiftythree""   "
"1","
"
"1","[355]"
"1"," ""fourhundredfiftyfour""    "
"1"," ""fourhundredfiftyfive""    "
"1"," ""fourhundredfiftysix""     "
"1","
"
"1","[358]"
"1"," ""fourhundredfiftyseven""   "
"1"," ""fourhundredfiftyeight""   "
"1"," ""fourhundredfiftynine""    "
"1","
"
"1","[361]"
"1"," ""fourhundredsixty""        "
"1"," ""fourhundredsixtyone""     "
"1"," ""fourhundredsixtytwo""     "
"1","
"
"1","[364]"
"1"," ""fourhundredsixtythree""   "
"1"," ""fourhundredsixtyfour""    "
"1"," ""fourhundredsixtyfive""    "
"1","
"
"1","[367]"
"1"," ""fourhundredsixtysix""     "
"1"," ""fourhundredsixtyseven""   "
"1"," ""fourhundredsixtyeight""   "
"1","
"
"1","[370]"
"1"," ""fourhundredsixtynine""    "
"1"," ""fourhundredseventy""      "
"1"," ""fourhundredseventyone""   "
"1","
"
"1","[373]"
"1"," ""fourhundredseventytwo""   "
"1"," ""fourhundredseventythree"" "
"1"," ""fourhundredseventyfour""  "
"1","
"
"1","[376]"
"1"," ""fourhundredseventyfive""  "
"1"," ""fourhundredseventysix""   "
"1"," ""fourhundredseventyseven"" "
"1","
"
"1","[379]"
"1"," ""fourhundredseventyeight"" "
"1"," ""fourhundredseventynine""  "
"1"," ""fourhundredeighty""       "
"1","
"
"1","[382]"
"1"," ""fourhundredeightyone""    "
"1"," ""fourhundredeightytwo""    "
"1"," ""fourhundredeightythree""  "
"1","
"
"1","[385]"
"1"," ""fourhundredeightyfour""   "
"1"," ""fourhundredeightyfive""   "
"1"," ""fourhundredeightysix""    "
"1","
"
"1","[388]"
"1"," ""fourhundredeightyseven""  "
"1"," ""fourhundredeightyeight""  "
"1"," ""fourhundredeightynine""   "
"1","
"
"1","[391]"
"1"," ""fourhundredninety""       "
"1"," ""fourhundredninetyone""    "
"1"," ""fourhundredninetytwo""    "
"1","
"
"1","[394]"
"1"," ""fourhundredninetythree""  "
"1"," ""fourhundredninetyfour""   "
"1"," ""fourhundredninetyfive""   "
"1","
"
"1","[397]"
"1"," ""fourhundredninetysix""    "
"1"," ""fourhundredninetyseven""  "
"1"," ""fourhundredninetyeight""  "
"1","
"
"1","[400]"
"1"," ""fourhundredninetynine""   "
"1"," ""fivehundred""             "
"1"," ""fivehundredone""          "
"1","
"
"1","[403]"
"1"," ""fivehundredtwo""          "
"1"," ""fivehundredthree""        "
"1"," ""fivehundredfour""         "
"1","
"
"1","[406]"
"1"," ""fivehundredfive""         "
"1"," ""fivehundredsix""          "
"1"," ""fivehundredseven""        "
"1","
"
"1","[409]"
"1"," ""fivehundredeight""        "
"1"," ""fivehundrednine""         "
"1"," ""fivehundredten""          "
"1","
"
"1","[412]"
"1"," ""fivehundredeleven""       "
"1"," ""fivehundredtwelve""       "
"1"," ""fivehundredthirteen""     "
"1","
"
"1","[415]"
"1"," ""fivehundredfourteen""     "
"1"," ""fivehundredfifteen""      "
"1"," ""fivehundredsixteen""      "
"1","
"
"1","[418]"
"1"," ""fivehundredseventeen""    "
"1"," ""fivehundredeighteen""     "
"1"," ""fivehundrednineteen""     "
"1","
"
"1","[421]"
"1"," ""fivehundredtwenty""       "
"1"," ""fivehundredtwentyone""    "
"1"," ""fivehundredtwentytwo""    "
"1","
"
"1","[424]"
"1"," ""fivehundredtwentythree""  "
"1"," ""fivehundredtwentyfour""   "
"1"," ""fivehundredtwentyfive""   "
"1","
"
"1","[427]"
"1"," ""fivehundredtwentysix""    "
"1"," ""fivehundredtwentyseven""  "
"1"," ""fivehundredtwentyeight""  "
"1","
"
"1","[430]"
"1"," ""fivehundredtwentynine""   "
"1"," ""fivehundredthirty""       "
"1"," ""fivehundredthirtyone""    "
"1","
"
"1","[433]"
"1"," ""fivehundredthirtytwo""    "
"1"," ""fivehundredthirtythree""  "
"1"," ""fivehundredthirtyfour""   "
"1","
"
"1","[436]"
"1"," ""fivehundredthirtyfive""   "
"1"," ""fivehundredthirtysix""    "
"1"," ""fivehundredthirtyseven""  "
"1","
"
"1","[439]"
"1"," ""fivehundredthirtyeight""  "
"1"," ""fivehundredthirtynine""   "
"1"," ""fivehundredforty""        "
"1","
"
"1","[442]"
"1"," ""fivehundredfortyone""     "
"1"," ""fivehundredfortytwo""     "
"1"," ""fivehundredfortythree""   "
"1","
"
"1","[445]"
"1"," ""fivehundredfortyfour""    "
"1"," ""fivehundredfortyfive""    "
"1"," ""fivehundredfortysix""     "
"1","
"
"1","[448]"
"1"," ""fivehundredfortyseven""   "
"1"," ""fivehundredfortyeight""   "
"1"," ""fivehundredfortynine""    "
"1","
"
"1","[451]"
"1"," ""fivehundredfifty""        "
"1"," ""fivehundredfiftyone""     "
"1"," ""fivehundredfiftytwo""     "
"1","
"
"1","[454]"
"1"," ""fivehundredfiftythree""   "
"1"," ""fivehundredfiftyfour""    "
"1"," ""fivehundredfiftyfive""    "
"1","
"
"1","[457]"
"1"," ""fivehundredfiftysix""     "
"1"," ""fivehundredfiftyseven""   "
"1"," ""fivehundredfiftyeight""   "
"1","
"
"1","[460]"
"1"," ""fivehundredfiftynine""    "
"1"," ""fivehundredsixty""        "
"1"," ""fivehundredsixtyone""     "
"1","
"
"1","[463]"
"1"," ""fivehundredsixtytwo""     "
"1"," ""fivehundredsixtythree""   "
"1"," ""fivehundredsixtyfour""    "
"1","
"
"1","[466]"
"1"," ""fivehundredsixtyfive""    "
"1"," ""fivehundredsixtysix""     "
"1"," ""fivehundredsixtyseven""   "
"1","
"
"1","[469]"
"1"," ""fivehundredsixtyeight""   "
"1"," ""fivehundredsixtynine""    "
"1"," ""fivehundredseventy""      "
"1","
"
"1","[472]"
"1"," ""fivehundredseventyone""   "
"1"," ""fivehundredseventytwo""   "
"1"," ""fivehundredseventythree"" "
"1","
"
"1","[475]"
"1"," ""fivehundredseventyfour""  "
"1"," ""fivehundredseventyfive""  "
"1"," ""fivehundredseventysix""   "
"1","
"
"1","[478]"
"1"," ""fivehundredseventyseven"" "
"1"," ""fivehundredseventyeight"" "
"1"," ""fivehundredseventynine""  "
"1","
"
"1","[481]"
"1"," ""fivehundredeighty""       "
"1"," ""fivehundredeightyone""    "
"1"," ""fivehundredeightytwo""    "
"1","
"
"1","[484]"
"1"," ""fivehundredeightythree""  "
"1"," ""fivehundredeightyfour""   "
"1"," ""fivehundredeightyfive""   "
"1","
"
"1","[487]"
"1"," ""fivehundredeightysix""    "
"1"," ""fivehundredeightyseven""  "
"1"," ""fivehundredeightyeight""  "
"1","
"
"1","[490]"
"1"," ""fivehundredeightynine""   "
"1"," ""fivehundredninety""       "
"1"," ""fivehundredninetyone""    "
"1","
"
"1","[493]"
"1"," ""fivehundredninetytwo""    "
"1"," ""fivehundredninetythree""  "
"1"," ""fivehundredninetyfour""   "
"1","
"
"1","[496]"
"1"," ""fivehundredninetyfive""   "
"1"," ""fivehundredninetysix""    "
"1"," ""fivehundredninetyseven""  "
"1","
"
"1","[499]"
"1"," ""fivehundredninetyeight""  "
"1"," ""fivehundredninetynine""   "
"1"," ""sixhundred""              "
"1","
"
"1","[502]"
"1"," ""sixhundredone""           "
"1"," ""sixhundredtwo""           "
"1"," ""sixhundredthree""         "
"1","
"
"1","[505]"
"1"," ""sixhundredfour""          "
"1"," ""sixhundredfive""          "
"1"," ""sixhundredsix""           "
"1","
"
"1","[508]"
"1"," ""sixhundredseven""         "
"1"," ""sixhundredeight""         "
"1"," ""sixhundrednine""          "
"1","
"
"1","[511]"
"1"," ""sixhundredten""           "
"1"," ""sixhundredeleven""        "
"1"," ""sixhundredtwelve""        "
"1","
"
"1","[514]"
"1"," ""sixhundredthirteen""      "
"1"," ""sixhundredfourteen""      "
"1"," ""sixhundredfifteen""       "
"1","
"
"1","[517]"
"1"," ""sixhundredsixteen""       "
"1"," ""sixhundredseventeen""     "
"1"," ""sixhundredeighteen""      "
"1","
"
"1","[520]"
"1"," ""sixhundrednineteen""      "
"1"," ""sixhundredtwenty""        "
"1"," ""sixhundredtwentyone""     "
"1","
"
"1","[523]"
"1"," ""sixhundredtwentytwo""     "
"1"," ""sixhundredtwentythree""   "
"1"," ""sixhundredtwentyfour""    "
"1","
"
"1","[526]"
"1"," ""sixhundredtwentyfive""    "
"1"," ""sixhundredtwentysix""     "
"1"," ""sixhundredtwentyseven""   "
"1","
"
"1","[529]"
"1"," ""sixhundredtwentyeight""   "
"1"," ""sixhundredtwentynine""    "
"1"," ""sixhundredthirty""        "
"1","
"
"1","[532]"
"1"," ""sixhundredthirtyone""     "
"1"," ""sixhundredthirtytwo""     "
"1"," ""sixhundredthirtythree""   "
"1","
"
"1","[535]"
"1"," ""sixhundredthirtyfour""    "
"1"," ""sixhundredthirtyfive""    "
"1"," ""sixhundredthirtysix""     "
"1","
"
"1","[538]"
"1"," ""sixhundredthirtyseven""   "
"1"," ""sixhundredthirtyeight""   "
"1"," ""sixhundredthirtynine""    "
"1","
"
"1","[541]"
"1"," ""sixhundredforty""         "
"1"," ""sixhundredfortyone""      "
"1"," ""sixhundredfortytwo""      "
"1","
"
"1","[544]"
"1"," ""sixhundredfortythree""    "
"1"," ""sixhundredfortyfour""     "
"1"," ""sixhundredfortyfive""     "
"1","
"
"1","[547]"
"1"," ""sixhundredfortysix""      "
"1"," ""sixhundredfortyseven""    "
"1"," ""sixhundredfortyeight""    "
"1","
"
"1","[550]"
"1"," ""sixhundredfortynine""     "
"1"," ""sixhundredfifty""         "
"1"," ""sixhundredfiftyone""      "
"1","
"
"1","[553]"
"1"," ""sixhundredfiftytwo""      "
"1"," ""sixhundredfiftythree""    "
"1"," ""sixhundredfiftyfour""     "
"1","
"
"1","[556]"
"1"," ""sixhundredfiftyfive""     "
"1"," ""sixhundredfiftysix""      "
"1"," ""sixhundredfiftyseven""    "
"1","
"
"1","[559]"
"1"," ""sixhundredfiftyeight""    "
"1"," ""sixhundredfiftynine""     "
"1"," ""sixhundredsixty""         "
"1","
"
"1","[562]"
"1"," ""sixhundredsixtyone""      "
"1"," ""sixhundredsixtytwo""      "
"1"," ""sixhundredsixtythree""    "
"1","
"
"1","[565]"
"1"," ""sixhundredsixtyfour""     "
"1"," ""sixhundredsixtyfive""     "
"1"," ""sixhundredsixtysix""      "
"1","
"
"1","[568]"
"1"," ""sixhundredsixtyseven""    "
"1"," ""sixhundredsixtyeight""    "
"1"," ""sixhundredsixtynine""     "
"1","
"
"1","[571]"
"1"," ""sixhundredseventy""       "
"1"," ""sixhundredseventyone""    "
"1"," ""sixhundredseventytwo""    "
"1","
"
"1","[574]"
"1"," ""sixhundredseventythree""  "
"1"," ""sixhundredseventyfour""   "
"1"," ""sixhundredseventyfive""   "
"1","
"
"1","[577]"
"1"," ""sixhundredseventysix""    "
"1"," ""sixhundredseventyseven""  "
"1"," ""sixhundredseventyeight""  "
"1","
"
"1","[580]"
"1"," ""sixhundredseventynine""   "
"1"," ""sixhundredeighty""        "
"1"," ""sixhundredeightyone""     "
"1","
"
"1","[583]"
"1"," ""sixhundredeightytwo""     "
"1"," ""sixhundredeightythree""   "
"1"," ""sixhundredeightyfour""    "
"1","
"
"1","[586]"
"1"," ""sixhundredeightyfive""    "
"1"," ""sixhundredeightysix""     "
"1"," ""sixhundredeightyseven""   "
"1","
"
"1","[589]"
"1"," ""sixhundredeightyeight""   "
"1"," ""sixhundredeightynine""    "
"1"," ""sixhundredninety""        "
"1","
"
"1","[592]"
"1"," ""sixhundredninetyone""     "
"1"," ""sixhundredninetytwo""     "
"1"," ""sixhundredninetythree""   "
"1","
"
"1","[595]"
"1"," ""sixhundredninetyfour""    "
"1"," ""sixhundredninetyfive""    "
"1"," ""sixhundredninetysix""     "
"1","
"
"1","[598]"
"1"," ""sixhundredninetyseven""   "
"1"," ""sixhundredninetyeight""   "
"1"," ""sixhundredninetynine""    "
"1","
"
"1","[601]"
"1"," ""sevenhundred""            "
"1"," ""sevenhundredone""         "
"1"," ""sevenhundredtwo""         "
"1","
"
"1","[604]"
"1"," ""sevenhundredthree""       "
"1"," ""sevenhundredfour""        "
"1"," ""sevenhundredfive""        "
"1","
"
"1","[607]"
"1"," ""sevenhundredsix""         "
"1"," ""sevenhundredseven""       "
"1"," ""sevenhundredeight""       "
"1","
"
"1","[610]"
"1"," ""sevenhundrednine""        "
"1"," ""sevenhundredten""         "
"1"," ""sevenhundredeleven""      "
"1","
"
"1","[613]"
"1"," ""sevenhundredtwelve""      "
"1"," ""sevenhundredthirteen""    "
"1"," ""sevenhundredfourteen""    "
"1","
"
"1","[616]"
"1"," ""sevenhundredfifteen""     "
"1"," ""sevenhundredsixteen""     "
"1"," ""sevenhundredseventeen""   "
"1","
"
"1","[619]"
"1"," ""sevenhundredeighteen""    "
"1"," ""sevenhundrednineteen""    "
"1"," ""sevenhundredtwenty""      "
"1","
"
"1","[622]"
"1"," ""sevenhundredtwentyone""   "
"1"," ""sevenhundredtwentytwo""   "
"1"," ""sevenhundredtwentythree"" "
"1","
"
"1","[625]"
"1"," ""sevenhundredtwentyfour""  "
"1"," ""sevenhundredtwentyfive""  "
"1"," ""sevenhundredtwentysix""   "
"1","
"
"1","[628]"
"1"," ""sevenhundredtwentyseven"" "
"1"," ""sevenhundredtwentyeight"" "
"1"," ""sevenhundredtwentynine""  "
"1","
"
"1","[631]"
"1"," ""sevenhundredthirty""      "
"1"," ""sevenhundredthirtyone""   "
"1"," ""sevenhundredthirtytwo""   "
"1","
"
"1","[634]"
"1"," ""sevenhundredthirtythree"" "
"1"," ""sevenhundredthirtyfour""  "
"1"," ""sevenhundredthirtyfive""  "
"1","
"
"1","[637]"
"1"," ""sevenhundredthirtysix""   "
"1"," ""sevenhundredthirtyseven"" "
"1"," ""sevenhundredthirtyeight"" "
"1","
"
"1","[640]"
"1"," ""sevenhundredthirtynine""  "
"1"," ""sevenhundredforty""       "
"1"," ""sevenhundredfortyone""    "
"1","
"
"1","[643]"
"1"," ""sevenhundredfortytwo""    "
"1"," ""sevenhundredfortythree""  "
"1"," ""sevenhundredfortyfour""   "
"1","
"
"1","[646]"
"1"," ""sevenhundredfortyfive""   "
"1"," ""sevenhundredfortysix""    "
"1"," ""sevenhundredfortyseven""  "
"1","
"
"1","[649]"
"1"," ""sevenhundredfortyeight""  "
"1"," ""sevenhundredfortynine""   "
"1"," ""sevenhundredfifty""       "
"1","
"
"1","[652]"
"1"," ""sevenhundredfiftyone""    "
"1"," ""sevenhundredfiftytwo""    "
"1"," ""sevenhundredfiftythree""  "
"1","
"
"1","[655]"
"1"," ""sevenhundredfiftyfour""   "
"1"," ""sevenhundredfiftyfive""   "
"1"," ""sevenhundredfiftysix""    "
"1","
"
"1","[658]"
"1"," ""sevenhundredfiftyseven""  "
"1"," ""sevenhundredfiftyeight""  "
"1"," ""sevenhundredfiftynine""   "
"1","
"
"1","[661]"
"1"," ""sevenhundredsixty""       "
"1"," ""sevenhundredsixtyone""    "
"1"," ""sevenhundredsixtytwo""    "
"1","
"
"1","[664]"
"1"," ""sevenhundredsixtythree""  "
"1"," ""sevenhundredsixtyfour""   "
"1"," ""sevenhundredsixtyfive""   "
"1","
"
"1","[667]"
"1"," ""sevenhundredsixtysix""    "
"1"," ""sevenhundredsixtyseven""  "
"1"," ""sevenhundredsixtyeight""  "
"1","
"
"1","[670]"
"1"," ""sevenhundredsixtynine""   "
"1"," ""sevenhundredseventy""     "
"1"," ""sevenhundredseventyone""  "
"1","
"
"1","[673]"
"1"," ""sevenhundredseventytwo""  "
"1"," ""sevenhundredseventythree"""
"1"," ""sevenhundredseventyfour"" "
"1","
"
"1","[676]"
"1"," ""sevenhundredseventyfive"" "
"1"," ""sevenhundredseventysix""  "
"1"," ""sevenhundredseventyseven"""
"1","
"
"1","[679]"
"1"," ""sevenhundredseventyeight"""
"1"," ""sevenhundredseventynine"" "
"1"," ""sevenhundredeighty""      "
"1","
"
"1","[682]"
"1"," ""sevenhundredeightyone""   "
"1"," ""sevenhundredeightytwo""   "
"1"," ""sevenhundredeightythree"" "
"1","
"
"1","[685]"
"1"," ""sevenhundredeightyfour""  "
"1"," ""sevenhundredeightyfive""  "
"1"," ""sevenhundredeightysix""   "
"1","
"
"1","[688]"
"1"," ""sevenhundredeightyseven"" "
"1"," ""sevenhundredeightyeight"" "
"1"," ""sevenhundredeightynine""  "
"1","
"
"1","[691]"
"1"," ""sevenhundredninety""      "
"1"," ""sevenhundredninetyone""   "
"1"," ""sevenhundredninetytwo""   "
"1","
"
"1","[694]"
"1"," ""sevenhundredninetythree"" "
"1"," ""sevenhundredninetyfour""  "
"1"," ""sevenhundredninetyfive""  "
"1","
"
"1","[697]"
"1"," ""sevenhundredninetysix""   "
"1"," ""sevenhundredninetyseven"" "
"1"," ""sevenhundredninetyeight"" "
"1","
"
"1","[700]"
"1"," ""sevenhundredninetynine""  "
"1"," ""eighthundred""            "
"1"," ""eighthundredone""         "
"1","
"
"1","[703]"
"1"," ""eighthundredtwo""         "
"1"," ""eighthundredthree""       "
"1"," ""eighthundredfour""        "
"1","
"
"1","[706]"
"1"," ""eighthundredfive""        "
"1"," ""eighthundredsix""         "
"1"," ""eighthundredseven""       "
"1","
"
"1","[709]"
"1"," ""eighthundredeight""       "
"1"," ""eighthundrednine""        "
"1"," ""eighthundredten""         "
"1","
"
"1","[712]"
"1"," ""eighthundredeleven""      "
"1"," ""eighthundredtwelve""      "
"1"," ""eighthundredthirteen""    "
"1","
"
"1","[715]"
"1"," ""eighthundredfourteen""    "
"1"," ""eighthundredfifteen""     "
"1"," ""eighthundredsixteen""     "
"1","
"
"1","[718]"
"1"," ""eighthundredseventeen""   "
"1"," ""eighthundredeighteen""    "
"1"," ""eighthundrednineteen""    "
"1","
"
"1","[721]"
"1"," ""eighthundredtwenty""      "
"1"," ""eighthundredtwentyone""   "
"1"," ""eighthundredtwentytwo""   "
"1","
"
"1","[724]"
"1"," ""eighthundredtwentythree"" "
"1"," ""eighthundredtwentyfour""  "
"1"," ""eighthundredtwentyfive""  "
"1","
"
"1","[727]"
"1"," ""eighthundredtwentysix""   "
"1"," ""eighthundredtwentyseven"" "
"1"," ""eighthundredtwentyeight"" "
"1","
"
"1","[730]"
"1"," ""eighthundredtwentynine""  "
"1"," ""eighthundredthirty""      "
"1"," ""eighthundredthirtyone""   "
"1","
"
"1","[733]"
"1"," ""eighthundredthirtytwo""   "
"1"," ""eighthundredthirtythree"" "
"1"," ""eighthundredthirtyfour""  "
"1","
"
"1","[736]"
"1"," ""eighthundredthirtyfive""  "
"1"," ""eighthundredthirtysix""   "
"1"," ""eighthundredthirtyseven"" "
"1","
"
"1","[739]"
"1"," ""eighthundredthirtyeight"" "
"1"," ""eighthundredthirtynine""  "
"1"," ""eighthundredforty""       "
"1","
"
"1","[742]"
"1"," ""eighthundredfortyone""    "
"1"," ""eighthundredfortytwo""    "
"1"," ""eighthundredfortythree""  "
"1","
"
"1","[745]"
"1"," ""eighthundredfortyfour""   "
"1"," ""eighthundredfortyfive""   "
"1"," ""eighthundredfortysix""    "
"1","
"
"1","[748]"
"1"," ""eighthundredfortyseven""  "
"1"," ""eighthundredfortyeight""  "
"1"," ""eighthundredfortynine""   "
"1","
"
"1","[751]"
"1"," ""eighthundredfifty""       "
"1"," ""eighthundredfiftyone""    "
"1"," ""eighthundredfiftytwo""    "
"1","
"
"1","[754]"
"1"," ""eighthundredfiftythree""  "
"1"," ""eighthundredfiftyfour""   "
"1"," ""eighthundredfiftyfive""   "
"1","
"
"1","[757]"
"1"," ""eighthundredfiftysix""    "
"1"," ""eighthundredfiftyseven""  "
"1"," ""eighthundredfiftyeight""  "
"1","
"
"1","[760]"
"1"," ""eighthundredfiftynine""   "
"1"," ""eighthundredsixty""       "
"1"," ""eighthundredsixtyone""    "
"1","
"
"1","[763]"
"1"," ""eighthundredsixtytwo""    "
"1"," ""eighthundredsixtythree""  "
"1"," ""eighthundredsixtyfour""   "
"1","
"
"1","[766]"
"1"," ""eighthundredsixtyfive""   "
"1"," ""eighthundredsixtysix""    "
"1"," ""eighthundredsixtyseven""  "
"1","
"
"1","[769]"
"1"," ""eighthundredsixtyeight""  "
"1"," ""eighthundredsixtynine""   "
"1"," ""eighthundredseventy""     "
"1","
"
"1","[772]"
"1"," ""eighthundredseventyone""  "
"1"," ""eighthundredseventytwo""  "
"1"," ""eighthundredseventythree"""
"1","
"
"1","[775]"
"1"," ""eighthundredseventyfour"" "
"1"," ""eighthundredseventyfive"" "
"1"," ""eighthundredseventysix""  "
"1","
"
"1","[778]"
"1"," ""eighthundredseventyseven"""
"1"," ""eighthundredseventyeight"""
"1"," ""eighthundredseventynine"" "
"1","
"
"1","[781]"
"1"," ""eighthundredeighty""      "
"1"," ""eighthundredeightyone""   "
"1"," ""eighthundredeightytwo""   "
"1","
"
"1","[784]"
"1"," ""eighthundredeightythree"" "
"1"," ""eighthundredeightyfour""  "
"1"," ""eighthundredeightyfive""  "
"1","
"
"1","[787]"
"1"," ""eighthundredeightysix""   "
"1"," ""eighthundredeightyseven"" "
"1"," ""eighthundredeightyeight"" "
"1","
"
"1","[790]"
"1"," ""eighthundredeightynine""  "
"1"," ""eighthundredninety""      "
"1"," ""eighthundredninetyone""   "
"1","
"
"1","[793]"
"1"," ""eighthundredninetytwo""   "
"1"," ""eighthundredninetythree"" "
"1"," ""eighthundredninetyfour""  "
"1","
"
"1","[796]"
"1"," ""eighthundredninetyfive""  "
"1"," ""eighthundredninetysix""   "
"1"," ""eighthundredninetyseven"" "
"1","
"
"1","[799]"
"1"," ""eighthundredninetyeight"" "
"1"," ""eighthundredninetynine""  "
"1"," ""ninehundred""             "
"1","
"
"1","[802]"
"1"," ""ninehundredone""          "
"1"," ""ninehundredtwo""          "
"1"," ""ninehundredthree""        "
"1","
"
"1","[805]"
"1"," ""ninehundredfour""         "
"1"," ""ninehundredfive""         "
"1"," ""ninehundredsix""          "
"1","
"
"1","[808]"
"1"," ""ninehundredseven""        "
"1"," ""ninehundredeight""        "
"1"," ""ninehundrednine""         "
"1","
"
"1","[811]"
"1"," ""ninehundredten""          "
"1"," ""ninehundredeleven""       "
"1"," ""ninehundredtwelve""       "
"1","
"
"1","[814]"
"1"," ""ninehundredthirteen""     "
"1"," ""ninehundredfourteen""     "
"1"," ""ninehundredfifteen""      "
"1","
"
"1","[817]"
"1"," ""ninehundredsixteen""      "
"1"," ""ninehundredseventeen""    "
"1"," ""ninehundredeighteen""     "
"1","
"
"1","[820]"
"1"," ""ninehundrednineteen""     "
"1"," ""ninehundredtwenty""       "
"1"," ""ninehundredtwentyone""    "
"1","
"
"1","[823]"
"1"," ""ninehundredtwentytwo""    "
"1"," ""ninehundredtwentythree""  "
"1"," ""ninehundredtwentyfour""   "
"1","
"
"1","[826]"
"1"," ""ninehundredtwentyfive""   "
"1"," ""ninehundredtwentysix""    "
"1"," ""ninehundredtwentyseven""  "
"1","
"
"1","[829]"
"1"," ""ninehundredtwentyeight""  "
"1"," ""ninehundredtwentynine""   "
"1"," ""ninehundredthirty""       "
"1","
"
"1","[832]"
"1"," ""ninehundredthirtyone""    "
"1"," ""ninehundredthirtytwo""    "
"1"," ""ninehundredthirtythree""  "
"1","
"
"1","[835]"
"1"," ""ninehundredthirtyfour""   "
"1"," ""ninehundredthirtyfive""   "
"1"," ""ninehundredthirtysix""    "
"1","
"
"1","[838]"
"1"," ""ninehundredthirtyseven""  "
"1"," ""ninehundredthirtyeight""  "
"1"," ""ninehundredthirtynine""   "
"1","
"
"1","[841]"
"1"," ""ninehundredforty""        "
"1"," ""ninehundredfortyone""     "
"1"," ""ninehundredfortytwo""     "
"1","
"
"1","[844]"
"1"," ""ninehundredfortythree""   "
"1"," ""ninehundredfortyfour""    "
"1"," ""ninehundredfortyfive""    "
"1","
"
"1","[847]"
"1"," ""ninehundredfortysix""     "
"1"," ""ninehundredfortyseven""   "
"1"," ""ninehundredfortyeight""   "
"1","
"
"1","[850]"
"1"," ""ninehundredfortynine""    "
"1"," ""ninehundredfifty""        "
"1"," ""ninehundredfiftyone""     "
"1","
"
"1","[853]"
"1"," ""ninehundredfiftytwo""     "
"1"," ""ninehundredfiftythree""   "
"1"," ""ninehundredfiftyfour""    "
"1","
"
"1","[856]"
"1"," ""ninehundredfiftyfive""    "
"1"," ""ninehundredfiftysix""     "
"1"," ""ninehundredfiftyseven""   "
"1","
"
"1","[859]"
"1"," ""ninehundredfiftyeight""   "
"1"," ""ninehundredfiftynine""    "
"1"," ""ninehundredsixty""        "
"1","
"
"1","[862]"
"1"," ""ninehundredsixtyone""     "
"1"," ""ninehundredsixtytwo""     "
"1"," ""ninehundredsixtythree""   "
"1","
"
"1","[865]"
"1"," ""ninehundredsixtyfour""    "
"1"," ""ninehundredsixtyfive""    "
"1"," ""ninehundredsixtysix""     "
"1","
"
"1","[868]"
"1"," ""ninehundredsixtyseven""   "
"1"," ""ninehundredsixtyeight""   "
"1"," ""ninehundredsixtynine""    "
"1","
"
"1","[871]"
"1"," ""ninehundredseventy""      "
"1"," ""ninehundredseventyone""   "
"1"," ""ninehundredseventytwo""   "
"1","
"
"1","[874]"
"1"," ""ninehundredseventythree"" "
"1"," ""ninehundredseventyfour""  "
"1"," ""ninehundredseventyfive""  "
"1","
"
"1","[877]"
"1"," ""ninehundredseventysix""   "
"1"," ""ninehundredseventyseven"" "
"1"," ""ninehundredseventyeight"" "
"1","
"
"1","[880]"
"1"," ""ninehundredseventynine""  "
"1"," ""ninehundredeighty""       "
"1"," ""ninehundredeightyone""    "
"1","
"
"1","[883]"
"1"," ""ninehundredeightytwo""    "
"1"," ""ninehundredeightythree""  "
"1"," ""ninehundredeightyfour""   "
"1","
"
"1","[886]"
"1"," ""ninehundredeightyfive""   "
"1"," ""ninehundredeightysix""    "
"1"," ""ninehundredeightyseven""  "
"1","
"
"1","[889]"
"1"," ""ninehundredeightyeight""  "
"1"," ""ninehundredeightynine""   "
"1"," ""ninehundredninety""       "
"1","
"
"1","[892]"
"1"," ""ninehundredninetyone""    "
"1"," ""ninehundredninetytwo""    "
"1"," ""ninehundredninetythree""  "
"1","
"
"1","[895]"
"1"," ""ninehundredninetyfour""   "
"1"," ""ninehundredninetyfive""   "
"1"," ""ninehundredninetysix""    "
"1","
"
"1","[898]"
"1"," ""ninehundredninetyseven""  "
"1"," ""ninehundredninetyeight""  "
"1"," ""ninehundredninetynine""   "
"1","
"
